{"cameraMode":{"drawMode":0,"name":"Shaded","section":"Shading Mode"},"sceneLighting":false,"audioPlay":false,"sceneViewState":{"m_AlwaysRefresh":false,"showFog":true,"showSkybox":false,"showFlares":true,"showImageEffects":true,"showParticleSystems":true,"showVisualEffectGraphs":true,"m_FxEnabled":true},"in2DMode":false,"pivot":{"x":-804.3058471679688,"y":19.999908447265626,"z":-294.1541748046875},"rotation":{"x":0.16013076901435853,"y":0.007998770102858544,"z":-0.0012513422407209874,"w":0.9871829152107239},"size":2.1486990451812746,"orthographic":false}