{"cameraMode":{"drawMode":0,"name":"Shaded","section":"Shading Mode"},"sceneLighting":false,"audioPlay":false,"sceneViewState":{"m_AlwaysRefresh":false,"showFog":true,"showSkybox":false,"showFlares":true,"showImageEffects":true,"showParticleSystems":true,"showVisualEffectGraphs":true,"m_FxEnabled":true},"in2DMode":false,"pivot":{"x":-967.4073486328125,"y":22.942842483520509,"z":-1276.9976806640625},"rotation":{"x":0.00047189751057885587,"y":0.9997426271438599,"z":-0.023105798289179803,"w":0.014692089520394802},"size":1.7241756916046143,"orthographic":false}